model,term,estimate,std_error,statistic,p_value
base,Intercept,0.967152510795492,0.0018119008786653297,533.7778253675275,0.0
base,grp[T.CA_to_CA],0.022265464663933816,0.005658579361697066,3.934815302697491,8.326069934291215e-05
base,grp[T.CA_to_TX],0.16660650014586714,0.0317348578303934,5.249952624218258,1.521383331030186e-07
base,grp[T.TX_stay],0.07973712556008795,0.0029251378203691124,27.259271342649495,1.2903413156955515e-163
base,grp[T.TX_to_TX],-0.0008493404366779114,0.007520144758795801,-0.11294203288899403,0.9100765120785758
base,grp[T.TX_to_CA],0.06848534313721483,0.0502808220908873,1.3620569491370118,0.17317991327112614
demo,Intercept,1.1258122767619456,0.005359002598345815,210.0786958210199,0.0
demo,grp[T.CA_to_CA],0.011270841433606299,0.005609626614690708,2.0091963704125657,0.04451631249538659
demo,grp[T.CA_to_TX],0.15925556904717808,0.031450525569554515,5.063685460358235,4.1122793819960183e-07
demo,grp[T.TX_stay],0.09110028471039826,0.002888270302842263,31.541467784628438,2.347516941980415e-218
demo,grp[T.TX_to_TX],0.017158922888388137,0.00727998410365123,2.3570000489124956,0.018423244432484637
demo,grp[T.TX_to_CA],0.05415344697082031,0.05405397653156507,1.0018402057653824,0.31642077541714353
demo,raceth[T.Hispanic],-0.25551630453454344,0.0030782140389160706,-83.00797192924188,0.0
demo,raceth[T.NH Black],-0.3090352230829118,0.006047526042705971,-51.10109835006742,0.0
demo,raceth[T.NH Asian/PI],0.06374510175371204,0.00447592128666914,14.241783461109394,5.042357708825595e-46
demo,raceth[T.NH Other/Multi],-0.1083771729511382,0.006130994077736254,-17.676933230892026,6.313847848044348e-70
demo,nativity[T.Naturalized],-0.03396510461976897,0.003681513137048807,-9.225854521056046,2.813088090857062e-20
demo,nativity[T.Non-citizen],-0.2809252476554715,0.003999647601343451,-70.23749981401133,0.0
demo,female,-0.07617480423794436,0.0016775915364682199,-45.40724162111163,0.0
demo,age,0.0010737233495498966,0.00010504677879323767,10.221382910401218,1.590553510090941e-24
edu,Intercept,0.5474136877080722,0.007539509822402258,72.60600497946614,0.0
edu,grp[T.CA_to_CA],-0.020651945990363203,0.005335433482980017,-3.870715670290468,0.00010851630292248757
edu,grp[T.CA_to_TX],0.11351609285337826,0.030846552695955105,3.6800252518416285,0.00023321085862130952
edu,grp[T.TX_stay],0.09583346239644464,0.002765356595292942,34.65501069900633,3.754411589373581e-263
edu,grp[T.TX_to_TX],0.018227483522491407,0.006984701863537825,2.6096294270832336,0.009064035113398938
edu,grp[T.TX_to_CA],-0.02059610048055277,0.04870821252316123,-0.42284656762469214,0.6724072092860295
edu,raceth[T.Hispanic],-0.09912385492272409,0.0030817173814936803,-32.16513477776462,5.426149626253899e-227
edu,raceth[T.NH Black],-0.24173387949800332,0.005723512141467879,-42.23523485633894,0.0
edu,raceth[T.NH Asian/PI],-0.005927226277819989,0.004283608709906235,-1.3836992776937675,0.16645055483691407
edu,raceth[T.NH Other/Multi],-0.08710420850805192,0.005915051820876939,-14.725857210687675,4.398565634116207e-49
edu,nativity[T.Naturalized],-0.007006371239763623,0.003563697848070103,-1.9660396415363544,0.0492940316637874
edu,nativity[T.Non-citizen],-0.16044407689899856,0.004124406158837715,-38.90113405906967,0.0
edu,educ4[T.HS grad],0.23694787954843932,0.004802928616088904,49.33404147517592,0.0
edu,educ4[T.Some college],0.41179775983696343,0.0051057647896450365,80.65349204337171,0.0
edu,educ4[T.BA or more],0.6725614187693872,0.0050156460602792585,134.0926793251318,0.0
edu,female,-0.09725839641292579,0.0016505793922476913,-58.923791772586775,0.0
edu,age,0.0033426447570711047,0.00010256905610391862,32.58921241982064,5.831250979145172e-233
hh,Intercept,0.4676786914608359,0.00843785667751068,55.426242627151325,0.0
hh,grp[T.CA_to_CA],0.00045875286480558976,0.005291803271010576,0.08669121683315746,0.9309169580852371
hh,grp[T.CA_to_TX],0.09618656607271628,0.030414745076417893,3.1624978552687146,0.0015642188783305119
hh,grp[T.TX_stay],0.0790470209441278,0.0027417313121072414,28.831060357761242,8.754844976571367e-183
hh,grp[T.TX_to_TX],0.029643534729754735,0.006926936548742664,4.279458101162404,1.8734890108647143e-05
hh,grp[T.TX_to_CA],-0.025872524418955156,0.04898391660169415,-0.5281840696678863,0.5973715850338077
hh,raceth[T.Hispanic],-0.08563856690024689,0.0030744369074346637,-27.855041257523947,9.358632334034485e-171
hh,raceth[T.NH Black],-0.18467841692977913,0.0056448181310801175,-32.716451202023315,9.113945745158388e-235
hh,raceth[T.NH Asian/PI],-0.008087281666405587,0.0042614905710472014,-1.897758901861949,0.05772784939327231
hh,raceth[T.NH Other/Multi],-0.06885295694627139,0.005839040436656568,-11.791827388970193,4.30105988085411e-32
hh,nativity[T.Naturalized],-0.03737839873164181,0.0035366834385505423,-10.568771387399263,4.1590746087076584e-26
hh,nativity[T.Non-citizen],-0.19119492705509397,0.004098537119926052,-46.649553599393435,0.0
hh,educ4[T.HS grad],0.22999230529854703,0.00476133375906993,48.304176295230626,0.0
hh,educ4[T.Some college],0.4019312578845552,0.005057005133506894,79.48009687026497,0.0
hh,educ4[T.BA or more],0.6446078391986512,0.004996976930911682,128.99956275784618,0.0
hh,female,-0.08313290988024073,0.001608510829351378,-51.683152120128135,0.0
hh,age,0.001617311335833505,0.00010773615284979378,15.011779175820095,6.147631696437164e-51
hh,married,0.2831507038734285,0.0027030711531679094,104.75148001249812,0.0
hh,kids,-0.14438244336355993,0.0027840259781972566,-51.86102590071809,0.0
hh,famsize,0.024108424446646095,0.0010393273487666267,23.19618017870466,4.975917085548818e-119
hh_official,Intercept,0.5776591748074763,0.008506823845826378,67.90538810685351,0.0
hh_official,grp[T.CA_to_CA],0.00022753338927459902,0.005363572364907685,0.04242198553398565,0.9661623022017741
hh_official,grp[T.CA_to_TX],-0.039881451484441034,0.03032827482293749,-1.3149924193603788,0.1885124501958515
hh_official,grp[T.TX_stay],-0.05755787866062983,0.0027513059325794233,-20.920203013071603,3.5061840196545735e-97
hh_official,grp[T.TX_to_TX],-0.10641746398426352,0.0069150207024077995,-15.389319651235336,1.9305142643066595e-53
hh_official,grp[T.TX_to_CA],-0.026121724681867846,0.04950094675783509,-0.5277015166933804,0.5977065203912667
hh_official,raceth[T.Hispanic],-0.08540844777198912,0.003091338905463256,-27.62830294053125,5.087548425801921e-168
hh_official,raceth[T.NH Black],-0.1847973612769003,0.005662654321499101,-32.63440619627617,1.3337539928961739e-233
hh_official,raceth[T.NH Asian/PI],-0.008308385871911158,0.004294634660979103,-1.934596660200425,0.053039810192962195
hh_official,raceth[T.NH Other/Multi],-0.06913258318137194,0.005885527707654628,-11.746199595910346,7.38668071203929e-32
hh_official,nativity[T.Naturalized],-0.037342969599901285,0.0035564083720981015,-10.500191680144656,8.620490101829219e-26
hh_official,nativity[T.Non-citizen],-0.1916300993740755,0.004123578132573165,-46.47180026985347,0.0
hh_official,educ4[T.HS grad],0.23052823346052376,0.00479073915287799,48.11955443703007,0.0
hh_official,educ4[T.Some college],0.40295916554833894,0.005088789647015101,79.18565975402424,0.0
hh_official,educ4[T.BA or more],0.6461700254311135,0.005027839300405386,128.51843243657646,0.0
hh_official,female,-0.08339907721784064,0.0016211856351887142,-51.4432618989574,0.0
hh_official,age,0.0016195152858133285,0.00010843495094148479,14.935362369345972,1.9401653467383716e-50
hh_official,married,0.2839799690750696,0.002716532760032986,104.53765669721625,0.0
hh_official,kids,-0.14467922016487142,0.0027950032652166606,-51.76352456019628,0.0
hh_official,famsize,0.02471490849642339,0.0010436626509378072,23.680936051716746,5.668635118159536e-124
